Fecha,Num_tota_general,Num_apertura_total,Num_cancelado_total,Num_creditos_total,Num_deposito_total,Num_extracto_cuenta,Num_giro_efectivo_total,Num_recarga_total,Num_retiro_total,Num_total_CVD,Num_total_microseguro,Num_extorno_fecha_total,Num_extorno_dia_total,Num_entrega_tarjeta
2023-01-01,513,19,15,156,69,3,14,1,83,0,8,0,2,10
2023-01-02,552,9,5,16,246,2,12,3,72,2,3,0,6,2
2023-01-03,171,5,0,126,171,1,8,0,114,0,8,0,0,2
2023-01-04,493,9,0,99,181,3,2,0,98,4,9,0,6,9
2023-01-05,152,29,4,145,29,7,23,3,81,0,10,0,7,6
2023-01-06,496,16,10,175,156,4,13,1,65,2,1,0,2,0
2023-01-07,585,19,5,190,225,9,9,4,105,3,1,0,9,0
2023-01-08,611,19,11,33,360,7,17,2,92,1,6,0,0,11
2023-01-09,0,5,5,24,128,2,19,0,14,0,12,0,4,0
2023-01-10,274,1,6,103,150,5,8,4,85,1,11,0,3,3
2023-01-11,74,13,8,60,211,0,6,0,86,1,5,0,0,3
2023-01-12,308,19,9,60,92,3,5,1,40,1,11,0,0,16
2023-01-13,158,20,8,189,210,0,15,0,91,0,1,0,2,4
2023-01-14,554,21,4,105,35,5,6,0,128,1,9,0,5,5
2023-01-15,627,22,0,258,131,3,16,2,51,0,8,0,2,8
2023-01-16,360,9,11,129,246,7,12,4,66,0,4,0,0,8
2023-01-17,303,9,0,94,75,2,19,2,75,2,5,0,0,14
2023-01-18,351,20,5,137,77,1,16,1,100,3,9,0,9,0
2023-01-19,46,7,6,237,190,9,11,4,100,0,9,0,0,0
2023-01-20,505,9,8,72,165,2,17,1,54,1,10,0,0,4
2023-01-21,494,15,7,41,29,6,13,0,54,0,13,0,10,5
2023-01-22,385,11,5,85,30,0,9,0,71,0,10,0,3,6
2023-01-23,348,10,3,77,111,0,14,0,27,0,5,0,0,8
2023-01-24,475,11,3,123,134,2,15,1,73,1,8,0,0,0
2023-01-25,610,1,8,95,138,6,14,0,43,0,6,0,2,4
2023-01-26,119,1,3,45,153,7,5,0,104,0,10,0,2,11
2023-01-27,170,14,8,287,111,6,5,1,66,1,9,0,0,11
2023-01-28,291,26,5,206,171,1,5,2,80,0,9,0,0,1
2023-01-29,332,21,16,72,165,2,17,4,79,1,10,0,4,10
2023-01-30,298,17,3,108,192,0,5,1,18,0,5,0,0,4
2023-01-31,147,1,14,77,211,3,0,4,60,1,5,0,6,3
2023-02-01,374,5,0,132,138,3,15,0,66,1,13,0,0,4
2023-02-02,408,9,10,117,120,4,13,3,69,0,2,0,0,0
2023-02-03,475,14,9,137,177,2,13,1,14,1,0,0,6,8
2023-02-04,470,14,3,141,224,2,7,1,86,2,9,0,1,10
2023-02-05,586,18,3,82,71,4,14,0,85,0,2,0,3,10
2023-02-06,611,14,4,222,162,7,7,0,79,2,12,0,4,8
2023-02-07,792,17,10,182,170,2,12,1,103,0,1,0,8,9
2023-02-08,334,20,10,106,214,8,14,2,14,0,4,0,3,7
2023-02-09,264,1,13,117,167,0,20,3,19,0,18,0,4,5
2023-02-10,620,8,11,126,126,4,10,0,70,0,11,0,7,4
2023-02-11,637,20,5,38,84,0,3,2,67,5,11,0,0,4
2023-02-12,199,24,0,240,157,2,14,1,81,0,5,0,1,14
2023-02-13,233,8,0,71,185,4,9,0,57,0,7,0,6,10
2023-02-14,170,8,7,224,153,8,10,1,48,0,8,0,4,8
2023-02-15,817,3,0,145,50,1,4,3,91,1,14,0,0,10
2023-02-16,488,23,10,37,193,8,4,0,72,1,11,0,2,17
2023-02-17,675,15,3,164,15,8,1,1,70,1,0,0,1,11
2023-02-18,432,8,7,203,155,3,12,2,55,1,1,0,2,11
2023-02-19,675,13,4,193,222,2,0,3,55,1,8,0,6,2
2023-02-20,478,11,11,210,175,7,6,0,45,1,3,0,0,5
2023-02-21,635,2,6,107,189,7,9,1,54,3,9,0,0,0
2023-02-22,378,11,7,131,55,2,8,1,19,0,6,0,0,0
2023-02-23,310,6,0,222,234,4,6,1,40,0,5,0,6,0
2023-02-24,174,1,3,123,86,3,13,2,104,0,5,0,4,0
2023-02-25,469,22,14,171,207,0,8,1,75,0,5,0,4,10
2023-02-26,450,1,18,210,187,6,3,2,14,0,15,0,0,4
2023-02-27,307,15,10,78,197,0,12,2,93,3,14,0,0,0
2023-02-28,588,8,7,33,146,1,12,0,60,1,0,0,1,0
2023-03-01,612,14,5,155,138,3,11,1,91,0,11,0,4,13
2023-03-02,301,7,16,160,221,8,6,2,77,0,4,0,5,5
2023-03-03,721,3,8,163,152,7,10,3,118,2,11,0,0,4
2023-03-04,839,7,6,118,103,1,14,1,77,2,12,0,5,13
2023-03-05,333,10,8,150,99,4,11,0,55,0,13,0,2,3
2023-03-06,785,8,17,110,173,0,6,0,68,0,11,0,0,0
2023-03-07,402,13,15,222,117,5,10,1,56,3,13,0,0,10
2023-03-08,522,15,0,82,115,5,13,2,57,1,9,0,4,1
2023-03-09,381,14,1,78,200,6,9,1,57,0,2,0,0,0
2023-03-10,532,13,8,171,137,12,15,0,96,1,16,0,2,2
2023-03-11,360,10,4,71,143,2,11,2,70,2,12,0,1,0
2023-03-12,59,25,9,169,167,0,2,0,14,2,3,0,3,5
2023-03-13,623,17,11,89,84,0,16,1,103,0,17,0,0,5
2023-03-14,71,12,7,66,157,0,1,2,69,0,5,0,0,23
2023-03-15,622,17,13,83,254,6,19,0,56,0,8,0,0,3
2023-03-16,362,13,0,67,127,0,8,1,107,2,5,0,7,8
2023-03-17,486,11,2,94,15,4,12,0,144,2,0,0,0,11
2023-03-18,417,14,8,226,62,7,8,2,42,0,6,0,1,0
2023-03-19,428,12,3,134,153,4,11,2,80,1,5,0,8,7
2023-03-20,347,15,13,67,161,4,13,2,50,0,9,0,3,23
2023-03-21,207,11,1,115,59,9,21,0,103,1,8,0,7,14
2023-03-22,445,23,8,248,84,10,12,1,93,0,1,0,2,0
2023-03-23,532,11,22,159,82,6,17,4,72,2,12,0,6,11
2023-03-24,370,8,17,119,24,2,12,2,101,0,6,0,0,9
2023-03-25,361,13,2,55,274,0,6,0,125,3,7,0,4,0
2023-03-26,292,1,16,113,233,7,3,3,103,1,8,0,8,1
2023-03-27,450,23,9,198,269,2,18,0,55,1,6,0,2,9
2023-03-28,357,10,3,70,156,8,8,2,106,1,3,0,4,2
2023-03-29,818,4,8,201,58,8,15,1,104,1,7,0,0,8
2023-03-30,256,10,13,86,144,5,11,2,98,0,1,0,0,7
2023-03-31,485,17,11,105,142,0,13,3,31,1,11,0,0,0
2023-04-01,209,1,2,166,100,1,1,1,103,3,3,0,0,8
2023-04-02,311,22,9,123,166,0,11,0,87,2,11,0,0,0
2023-04-03,689,7,4,206,60,8,15,3,47,1,6,0,8,4
2023-04-04,511,8,10,286,113,0,14,3,141,1,4,0,1,2
2023-04-05,511,8,7,140,66,8,12,0,80,0,1,0,9,8
2023-04-06,378,10,16,274,102,5,10,1,73,0,4,0,4,8
2023-04-07,399,16,4,59,99,7,2,0,106,0,0,0,6,8
2023-04-08,62,10,13,183,90,3,13,4,56,2,7,0,1,9
2023-04-09,265,9,11,146,85,4,15,0,74,0,10,0,6,15
2023-04-10,50,28,14,182,30,1,14,1,67,1,0,0,0,18
2023-04-11,197,18,0,86,76,0,6,4,83,0,8,0,4,12
2023-04-12,588,8,7,87,132,8,6,0,14,1,1,0,3,2
2023-04-13,292,14,9,107,155,0,7,0,37,0,10,0,0,0
2023-04-14,342,2,6,90,129,5,9,1,63,1,5,0,3,0
2023-04-15,228,17,13,185,157,3,10,2,137,0,15,0,6,7
2023-04-16,278,8,6,282,103,7,5,5,82,1,0,0,11,0
2023-04-17,328,10,1,159,108,2,0,3,45,2,4,0,0,0
2023-04-18,380,2,8,163,212,2,11,0,114,1,10,0,8,10
2023-04-19,271,1,6,155,32,0,2,2,14,0,13,0,2,1
2023-04-20,191,18,3,214,179,5,6,0,41,0,4,0,0,0
2023-04-21,121,4,1,111,15,5,18,3,44,1,13,0,6,0
2023-04-22,122,9,6,101,197,0,14,0,61,0,12,0,2,0
2023-04-23,264,1,5,108,133,3,21,1,64,0,5,0,0,12
2023-04-24,495,10,11,64,88,4,9,2,104,0,7,0,2,12
2023-04-25,575,1,12,119,155,0,0,0,42,1,11,0,1,0
2023-04-26,629,4,12,69,185,3,14,2,67,0,3,0,6,6
2023-04-27,589,1,5,115,110,4,2,0,93,0,11,0,1,6
2023-04-28,565,12,8,184,222,6,13,0,69,0,11,0,2,5
2023-04-29,446,16,6,88,135,6,11,0,86,1,12,0,8,9
2023-04-30,412,14,11,21,132,2,0,1,91,0,7,0,0,2
2023-05-01,189,16,12,55,160,0,7,1,118,2,13,0,8,17
2023-05-02,268,12,0,68,75,5,17,1,24,1,2,0,1,5
2023-05-03,119,24,0,89,241,3,6,2,109,0,9,0,3,0
2023-05-04,623,13,7,150,195,1,17,1,88,1,2,0,2,10
2023-05-05,470,10,10,297,162,3,15,0,99,0,2,0,4,6
2023-05-06,554,10,6,192,100,1,20,1,105,0,10,0,3,6
2023-05-07,643,2,0,135,15,1,18,2,94,1,5,0,4,7
2023-05-08,275,23,8,184,79,0,13,3,20,1,0,0,4,7
2023-05-09,356,21,3,265,95,6,14,1,75,1,5,0,2,0
2023-05-10,323,7,7,123,29,3,11,2,33,0,5,0,6,0
2023-05-11,608,18,9,114,15,3,2,0,102,1,9,0,5,0
2023-05-12,344,12,1,109,137,7,20,3,81,1,9,0,5,12
2023-05-13,486,6,4,17,188,4,19,1,38,1,13,0,8,7
2023-05-14,191,13,6,145,138,0,8,3,118,2,2,0,1,15
2023-05-15,351,1,10,81,114,2,9,1,85,2,5,0,1,13
2023-05-16,101,13,5,113,213,2,13,0,102,0,8,0,2,5
2023-05-17,516,21,7,16,130,2,14,5,92,0,7,0,5,1
2023-05-18,416,19,14,173,207,9,13,2,72,1,6,0,0,5
2023-05-19,457,17,7,141,167,2,11,1,17,0,6,0,0,3
2023-05-20,561,13,9,74,144,0,12,0,40,1,2,0,0,0
2023-05-21,203,9,3,166,232,7,12,0,25,1,8,0,0,0
2023-05-22,568,13,7,59,260,9,3,0,51,1,9,0,1,6
2023-05-23,288,18,2,273,93,6,20,0,122,0,5,0,1,16
2023-05-24,468,26,9,76,159,2,2,2,154,0,5,0,3,0
2023-05-25,535,3,4,157,81,0,17,4,18,3,15,0,6,2
2023-05-26,377,21,8,59,178,5,16,0,48,0,4,0,4,14
2023-05-27,411,10,5,121,208,0,12,1,68,1,15,0,5,10
2023-05-28,282,11,2,165,88,5,5,5,69,3,9,0,0,7
2023-05-29,348,1,5,214,79,3,12,1,96,2,10,0,1,10
2023-05-30,526,2,9,114,202,0,15,2,101,0,6,0,0,4
2023-05-31,0,20,0,194,138,6,17,2,48,1,6,0,8,0
2023-06-01,676,5,6,134,139,0,7,0,83,0,3,0,5,2
2023-06-02,394,3,5,133,281,0,7,0,66,1,5,0,1,9
2023-06-03,463,21,2,160,168,0,8,3,154,2,17,0,3,0
2023-06-04,605,16,5,54,248,2,10,3,102,0,13,0,0,8
2023-06-05,377,10,12,79,135,2,12,0,76,0,4,0,0,2
2023-06-06,144,16,9,107,124,4,4,1,33,2,4,0,1,0
2023-06-07,803,14,11,60,158,3,12,2,86,1,0,0,0,0
2023-06-08,399,8,2,104,137,6,2,1,83,3,6,0,0,7
2023-06-09,204,23,11,63,86,3,14,1,52,0,6,0,0,4
2023-06-10,35,19,11,122,70,5,12,0,33,3,1,0,5,0
2023-06-11,321,1,13,197,109,8,3,0,78,0,7,0,0,6
2023-06-12,577,1,5,146,166,0,11,0,104,0,8,0,5,0
2023-06-13,374,17,7,146,83,0,15,4,48,1,10,0,0,5
2023-06-14,231,7,13,114,124,6,11,3,84,0,9,0,1,5
2023-06-15,409,5,7,145,156,7,16,1,14,1,13,0,3,10
2023-06-16,316,11,4,111,194,0,5,2,110,1,10,0,0,10
2023-06-17,571,12,16,140,223,2,18,0,43,0,13,0,6,0
2023-06-18,386,17,4,106,15,7,7,0,98,0,8,0,1,4
2023-06-19,687,7,7,166,301,3,6,0,71,0,8,0,4,1
2023-06-20,377,20,8,50,213,0,11,0,41,0,13,0,0,1
2023-06-21,503,12,9,136,99,0,5,2,142,0,8,0,5,4
2023-06-22,473,16,17,125,230,6,4,0,92,0,10,0,0,0
2023-06-23,185,12,18,101,195,9,9,0,66,0,12,0,0,7
2023-06-24,266,11,3,143,129,0,2,0,126,0,1,0,5,8
2023-06-25,127,12,5,104,20,9,15,0,48,0,6,0,4,9
2023-06-26,320,15,1,158,45,2,18,2,102,2,11,0,1,11
2023-06-27,436,11,4,132,159,5,20,0,79,1,0,0,0,4
2023-06-28,313,21,9,355,145,1,10,0,81,0,0,0,4,6
2023-06-29,55,8,11,130,15,4,8,1,22,2,8,0,0,5
2023-06-30,273,3,11,205,157,4,9,0,112,1,7,0,4,5
2023-07-01,606,23,3,54,177,3,16,1,42,2,2,0,1,0
2023-07-02,434,7,7,93,24,7,20,0,83,0,14,0,8,14
2023-07-03,395,1,4,149,160,0,13,0,86,0,2,0,3,1
2023-07-04,397,11,12,237,41,5,13,1,49,0,6,0,1,1
2023-07-05,296,15,5,221,205,7,3,1,109,0,17,0,5,4
2023-07-06,233,3,8,82,107,2,6,3,59,1,0,0,1,3
2023-07-07,480,11,10,137,132,6,18,0,59,1,3,0,3,0
2023-07-08,479,12,0,163,148,5,6,0,96,1,7,0,4,0
2023-07-09,270,23,11,162,163,7,10,1,82,0,6,0,7,4
2023-07-10,270,11,1,74,130,9,0,0,76,1,14,0,0,4
2023-07-11,415,18,8,119,116,8,20,0,46,0,3,0,0,3
2023-07-12,386,7,7,227,251,5,16,1,73,2,0,0,3,8
2023-07-13,431,15,3,137,106,6,10,0,57,0,0,0,6,7
2023-07-14,531,10,9,197,117,3,6,4,56,2,8,0,13,8
2023-07-15,606,10,6,223,69,0,9,0,45,0,7,0,1,5
2023-07-16,335,24,11,52,206,4,14,0,110,0,8,0,0,11
2023-07-17,393,7,16,126,147,2,17,0,69,0,11,0,12,3
2023-07-18,0,11,12,56,296,9,20,0,52,0,8,0,9,11
2023-07-19,370,6,11,206,139,0,0,0,83,2,13,0,0,13
2023-07-20,267,22,0,158,314,12,13,1,30,1,11,0,1,4
2023-07-21,342,14,12,62,133,3,17,2,79,0,10,0,8,0
2023-07-22,278,3,10,34,171,4,11,2,14,1,7,0,2,0
2023-07-23,281,17,10,132,65,6,13,0,84,1,3,0,4,14
2023-07-24,321,11,1,224,171,6,16,0,98,0,15,0,0,5
2023-07-25,423,4,8,175,173,4,9,0,44,0,5,0,6,14
2023-07-26,267,16,6,286,103,4,13,0,105,1,8,0,0,9
2023-07-27,568,16,13,125,100,0,12,2,36,2,6,0,1,6
2023-07-28,306,6,15,59,68,2,12,2,106,0,10,0,1,0
2023-07-29,186,17,17,301,194,4,13,0,99,0,15,0,0,10
2023-07-30,422,1,7,118,129,1,9,0,24,1,13,0,1,0
2023-07-31,569,18,7,205,110,7,11,0,21,0,5,0,6,0
2023-08-01,581,9,8,204,205,13,13,2,115,0,4,0,2,0
2023-08-02,398,19,3,55,186,6,12,3,19,1,0,0,3,8
2023-08-03,318,8,4,213,80,5,10,0,89,2,12,0,3,0
2023-08-04,368,22,13,276,286,4,11,1,53,2,0,0,3,6
2023-08-05,436,3,9,196,114,2,18,0,14,0,13,0,4,13
2023-08-06,245,10,6,159,194,2,12,1,105,0,8,0,0,7
2023-08-07,4,18,13,124,267,0,10,0,87,0,4,0,2,1
2023-08-08,564,26,8,44,31,3,10,1,38,0,15,0,3,2
2023-08-09,424,1,9,75,62,7,6,2,78,1,7,0,3,10
2023-08-10,442,24,8,193,56,6,1,0,53,0,12,0,1,5
2023-08-11,485,30,0,57,137,5,12,1,76,1,15,0,2,0
2023-08-12,306,11,8,97,234,6,10,4,89,2,3,0,2,6
2023-08-13,673,9,5,179,296,8,8,3,81,0,13,0,4,10
2023-08-14,230,2,6,142,197,4,15,0,83,1,4,0,0,0
2023-08-15,307,1,5,168,43,2,4,0,132,1,8,0,0,6
2023-08-16,400,7,11,76,193,0,11,1,76,2,12,0,0,4
2023-08-17,224,7,11,86,163,4,13,1,101,0,11,0,7,9
2023-08-18,277,12,2,203,185,6,10,1,90,0,1,0,5,7
2023-08-19,219,14,9,51,106,4,14,1,114,0,10,0,0,1
2023-08-20,542,11,7,201,208,4,9,0,77,0,10,0,2,0
2023-08-21,666,26,2,224,172,4,8,0,92,0,8,0,8,0
2023-08-22,272,4,8,313,177,5,7,0,83,0,1,0,0,9
2023-08-23,271,9,0,138,120,2,15,2,14,1,6,0,4,1
2023-08-24,556,20,9,290,28,4,12,2,68,2,4,0,0,0
2023-08-25,296,13,0,247,151,4,21,0,67,3,4,0,2,3
2023-08-26,145,18,8,107,202,6,4,0,29,2,13,0,3,12
2023-08-27,352,5,7,212,15,2,5,2,81,0,0,0,5,4
2023-08-28,489,6,0,114,206,5,6,0,44,0,13,0,0,7
2023-08-29,219,11,16,132,196,4,15,0,111,2,0,0,1,5
2023-08-30,247,12,8,73,294,3,5,2,14,4,15,0,1,0
2023-08-31,147,20,1,180,161,1,9,1,65,2,8,0,6,7
2023-09-01,388,4,8,78,15,0,9,2,41,0,9,0,0,15
2023-09-02,169,25,7,165,47,4,6,0,82,0,15,0,3,0
2023-09-03,258,5,7,157,232,2,9,2,83,0,4,0,5,0
2023-09-04,357,3,10,199,56,3,13,0,66,2,3,0,0,7
2023-09-05,355,19,4,158,118,3,16,0,25,2,19,0,4,8
2023-09-06,299,8,15,187,212,7,17,1,115,0,10,0,0,5
2023-09-07,447,8,5,16,170,5,14,3,65,0,4,0,0,14
2023-09-08,535,11,0,270,87,8,14,1,44,0,8,0,2,2
2023-09-09,712,12,6,57,224,6,16,0,49,1,0,0,0,11
2023-09-10,291,6,8,198,65,5,11,1,14,0,8,0,6,2
2023-09-11,287,20,16,22,51,5,10,3,83,1,6,0,5,2
2023-09-12,148,6,10,242,15,6,11,1,103,0,19,0,0,7
2023-09-13,571,17,17,109,40,10,16,3,102,0,12,0,0,0
2023-09-14,640,10,0,234,265,3,5,1,112,0,12,0,0,1
2023-09-15,686,22,8,110,42,0,9,3,40,0,20,0,0,0
2023-09-16,681,14,8,82,114,5,15,0,37,2,13,0,0,9
2023-09-17,282,12,7,172,15,3,10,0,67,0,20,0,0,14
2023-09-18,653,23,9,21,303,2,10,0,55,3,8,0,5,14
2023-09-19,747,3,11,38,99,0,6,1,46,2,19,0,0,0
2023-09-20,448,13,11,95,104,5,14,3,63,0,4,0,3,0
2023-09-21,162,18,11,161,197,8,18,1,86,0,7,0,1,0
2023-09-22,349,9,0,217,130,0,14,2,102,1,11,0,2,15
2023-09-23,274,8,5,64,172,6,0,0,111,0,7,0,0,1
2023-09-24,343,18,9,116,183,2,10,2,78,1,7,0,6,0
2023-09-25,541,2,1,27,87,5,10,3,96,0,3,0,6,4
2023-09-26,440,4,5,139,207,1,14,1,88,0,8,0,3,15
2023-09-27,546,19,11,62,132,8,13,2,32,0,21,0,6,9
2023-09-28,261,8,4,71,170,3,4,3,77,0,6,0,0,0
2023-09-29,332,12,10,16,44,4,18,2,69,0,3,0,3,1
2023-09-30,412,3,2,137,15,3,9,0,95,0,12,0,3,6
2023-10-01,638,6,7,33,142,6,17,0,94,0,0,0,2,6
2023-10-02,106,17,9,184,73,2,10,2,83,1,8,0,6,0
2023-10-03,276,18,12,42,69,6,9,3,71,3,16,0,0,9
2023-10-04,550,9,7,139,146,0,19,0,89,1,9,0,8,0
2023-10-05,331,14,9,264,235,4,8,1,54,0,9,0,3,9
2023-10-06,487,19,7,117,147,0,7,0,67,1,11,0,4,0
2023-10-07,247,5,8,146,77,6,5,2,97,0,0,0,0,2
2023-10-08,655,5,0,151,158,4,2,0,142,2,9,0,1,13
2023-10-09,328,23,0,223,182,9,1,2,56,0,5,0,3,0
2023-10-10,215,10,7,171,264,1,11,1,14,1,0,0,1,1
2023-10-11,105,3,3,61,262,2,3,0,60,0,9,0,3,1
2023-10-12,146,12,9,185,199,7,6,3,35,1,11,0,3,0
2023-10-13,791,13,19,155,179,5,15,3,80,2,10,0,5,6
2023-10-14,314,8,4,127,151,4,18,1,122,2,10,0,0,6
2023-10-15,899,1,1,45,157,3,8,2,61,0,12,0,2,7
2023-10-16,598,8,15,169,232,4,7,2,14,0,7,0,5,1
2023-10-17,414,24,4,148,169,8,13,2,88,1,4,0,4,2
2023-10-18,537,14,17,252,47,7,15,1,107,0,3,0,3,7
2023-10-19,722,6,7,116,122,7,7,1,102,2,2,0,0,3
2023-10-20,789,22,9,77,170,2,6,0,69,1,4,0,0,6
2023-10-21,691,8,4,89,172,0,21,3,110,0,10,0,6,15
2023-10-22,392,7,10,28,15,3,12,0,74,1,4,0,0,6
2023-10-23,360,7,2,16,224,0,9,0,94,0,11,0,4,10
2023-10-24,266,23,12,104,68,2,10,3,86,0,5,0,0,6
2023-10-25,631,13,0,58,234,4,17,2,27,1,1,0,0,4
2023-10-26,509,9,12,132,192,3,3,1,81,0,16,0,2,6
2023-10-27,196,1,3,163,121,3,15,0,81,1,12,0,4,0
2023-10-28,342,6,6,159,280,1,12,0,111,0,12,0,14,0
2023-10-29,437,9,14,203,99,6,5,0,64,0,6,0,0,4
2023-10-30,443,1,9,193,60,5,9,0,83,1,9,0,0,4
2023-10-31,223,1,12,27,18,1,12,0,99,1,6,0,2,2
2023-11-01,589,17,7,100,172,2,9,2,78,0,8,0,0,7
2023-11-02,815,14,14,187,52,5,13,0,33,1,1,0,0,0
2023-11-03,501,16,9,159,69,5,9,2,72,0,9,0,4,2
2023-11-04,167,16,4,219,199,6,9,0,117,0,11,0,8,9
2023-11-05,97,20,11,63,113,10,14,1,62,0,4,0,0,1
2023-11-06,412,28,0,223,49,4,15,2,43,0,0,0,2,12
2023-11-07,449,8,14,116,100,1,8,1,101,2,11,0,3,12
2023-11-08,286,8,10,177,152,3,4,0,56,0,1,0,4,2
2023-11-09,583,7,12,182,184,5,19,2,80,1,0,0,6,4
2023-11-10,520,1,2,136,111,6,13,4,61,2,6,0,4,0
2023-11-11,144,4,0,118,170,4,13,0,61,1,18,0,0,8
2023-11-12,330,4,12,308,124,6,17,3,106,0,5,0,0,0
2023-11-13,403,1,13,165,188,5,18,0,96,1,8,0,3,0
2023-11-14,32,9,3,293,114,3,5,0,115,0,0,0,4,5
2023-11-15,580,14,0,163,143,5,1,2,73,0,10,0,2,9
2023-11-16,560,16,17,46,247,0,8,1,69,0,7,0,1,2
2023-11-17,241,12,9,145,183,3,8,0,51,0,1,0,0,4
2023-11-18,510,8,9,23,79,6,6,0,125,3,6,0,1,9
2023-11-19,267,14,7,33,262,2,8,2,77,3,13,0,0,3
2023-11-20,265,9,9,184,52,1,9,2,70,0,16,0,0,5
2023-11-21,656,26,16,166,272,1,11,0,60,0,4,0,0,6
2023-11-22,214,22,13,110,264,6,19,4,87,1,11,0,8,8
2023-11-23,429,5,10,128,86,7,6,1,88,2,8,0,6,11
2023-11-24,261,12,9,156,195,1,11,1,74,2,11,0,4,7
2023-11-25,523,15,7,238,112,0,21,0,70,0,6,0,4,0
2023-11-26,329,6,10,165,151,2,9,1,95,0,7,0,0,0
2023-11-27,272,1,10,163,128,4,16,0,85,1,8,0,0,0
2023-11-28,621,10,11,132,131,1,23,4,70,0,18,0,4,6
2023-11-29,402,27,8,124,15,0,8,0,51,0,3,0,4,9
2023-11-30,307,3,7,296,99,0,9,3,14,0,5,0,0,5
2023-12-01,141,26,7,90,148,5,0,3,94,0,0,0,6,0
2023-12-02,680,16,9,106,190,3,15,0,56,2,13,0,7,14
2023-12-03,321,11,11,163,252,0,12,1,95,0,16,0,3,4
2023-12-04,426,8,0,89,232,0,6,1,42,0,10,0,0,2
2023-12-05,122,21,15,16,79,5,8,3,45,2,15,0,2,10
2023-12-06,332,9,10,204,114,4,10,1,33,0,8,0,5,0
2023-12-07,583,14,8,170,194,2,9,0,78,0,4,0,8,9
2023-12-08,788,13,15,165,213,6,7,0,78,1,12,0,1,7
2023-12-09,552,7,2,117,261,2,9,0,75,1,1,0,4,9
2023-12-10,446,22,5,134,118,4,16,2,79,3,9,0,0,0
2023-12-11,427,16,5,28,209,3,19,1,26,0,7,0,0,12
2023-12-12,556,3,1,141,107,7,15,3,72,0,9,0,7,0
2023-12-13,201,12,12,35,28,5,9,0,94,0,5,0,6,13
2023-12-14,1,19,6,174,196,6,1,2,82,0,2,0,1,10
2023-12-15,432,10,8,195,216,0,16,0,96,2,8,0,0,6
2023-12-16,387,13,8,93,189,4,10,0,123,2,7,0,4,0
2023-12-17,337,7,6,101,271,5,7,2,57,0,0,0,3,0
2023-12-18,0,1,9,137,124,0,6,0,14,0,10,0,0,9
2023-12-19,344,7,3,16,111,1,19,0,69,0,3,0,8,6
2023-12-20,437,9,17,137,54,8,16,4,110,1,7,0,0,4
2023-12-21,540,15,5,122,53,8,10,0,67,3,3,0,1,5
2023-12-22,0,6,2,143,237,3,3,1,86,0,0,0,2,17
2023-12-23,412,9,7,196,149,7,19,1,64,0,4,0,0,0
2023-12-24,555,8,11,173,60,4,11,1,40,1,15,0,5,3
2023-12-25,400,1,0,116,200,0,15,0,104,0,8,0,6,7
2023-12-26,371,25,6,138,50,6,15,1,99,0,7,0,4,0
2023-12-27,230,11,6,104,105,9,19,0,101,2,12,0,5,7
2023-12-28,700,12,9,158,94,0,17,5,69,0,10,0,0,0
2023-12-29,567,12,5,94,70,7,3,0,62,0,8,0,0,6
2023-12-30,269,9,11,44,149,5,18,2,98,0,12,0,1,5
2023-12-31,328,1,2,104,221,3,9,0,129,2,0,0,0,4
2024-01-01,606,11,10,107,259,1,8,0,14,0,6,0,7,10
2024-01-02,626,8,12,142,63,7,13,3,86,3,8,0,2,3
2024-01-03,380,25,7,63,187,4,1,2,75,1,5,0,3,14
2024-01-04,289,7,1,175,143,4,18,2,116,0,7,0,0,13
2024-01-05,705,2,8,130,128,0,19,0,91,0,7,0,0,9
2024-01-06,423,10,0,233,79,13,2,1,131,0,8,0,0,2
2024-01-07,446,1,5,16,99,2,10,2,35,0,4,0,4,0
2024-01-08,151,14,5,134,109,1,2,2,20,2,9,0,9,14
2024-01-09,163,1,4,196,49,0,11,3,54,0,7,0,3,15
2024-01-10,287,1,7,125,202,8,18,2,36,1,14,0,7,0
2024-01-11,447,1,8,223,225,3,14,3,65,3,7,0,0,7
2024-01-12,430,1,3,241,63,4,10,0,82,1,8,0,2,16
2024-01-13,136,17,1,133,124,9,4,2,79,3,6,0,5,9
2024-01-14,811,13,0,109,185,1,20,3,84,0,13,0,3,13
2024-01-15,384,21,7,130,193,7,13,0,104,3,4,0,3,2
2024-01-16,475,14,15,16,22,8,8,0,90,1,18,0,0,10
2024-01-17,754,11,4,92,137,1,7,0,58,2,5,0,1,7
2024-01-18,347,25,9,222,227,6,13,0,85,0,2,0,0,1
2024-01-19,440,17,8,350,125,0,6,2,49,0,2,0,7,4
2024-01-20,711,10,5,242,210,2,5,1,71,2,7,0,3,0
2024-01-21,81,9,2,132,159,0,22,4,84,0,9,0,4,1
2024-01-22,147,29,1,122,15,0,9,0,21,0,7,0,9,15
2024-01-23,622,7,7,273,129,0,14,1,58,0,5,0,7,10
2024-01-24,222,11,6,157,174,5,10,1,130,0,4,0,6,2
2024-01-25,289,21,11,102,149,2,19,4,66,1,8,0,3,4
2024-01-26,472,20,3,135,207,6,15,0,88,2,6,0,3,8
2024-01-27,350,6,4,153,171,2,13,2,111,0,11,0,7,0
2024-01-28,397,1,7,228,106,1,0,3,91,0,8,0,0,0
2024-01-29,384,15,5,24,90,0,8,0,108,1,11,0,6,8
2024-01-30,441,7,12,52,179,1,9,0,105,0,4,0,10,0
2024-01-31,575,8,3,173,57,4,9,0,49,2,8,0,0,14
2024-02-01,450,6,8,283,15,10,25,0,84,0,9,0,5,5
2024-02-02,429,12,5,97,35,2,11,0,131,3,8,0,7,4
2024-02-03,67,20,15,23,157,3,11,0,47,1,13,0,6,6
2024-02-04,256,9,5,114,202,0,9,0,127,0,4,0,0,0
2024-02-05,803,10,13,146,68,8,12,3,84,0,14,0,1,13
2024-02-06,450,12,2,127,111,1,7,0,22,2,10,0,0,6
2024-02-07,548,13,3,123,181,3,13,2,154,1,9,0,6,3
2024-02-08,454,7,10,104,162,6,15,0,81,0,0,0,4,8
2024-02-09,384,1,9,258,242,3,0,3,45,0,8,0,1,13
2024-02-10,211,8,3,202,17,3,10,0,86,3,6,0,1,1
2024-02-11,414,14,8,215,186,7,8,4,100,0,9,0,8,5
2024-02-12,565,11,5,114,90,5,14,2,64,0,8,0,4,0
2024-02-13,527,11,8,69,140,3,8,1,65,0,4,0,5,0
2024-02-14,438,3,9,99,196,1,6,3,14,0,12,0,4,1
2024-02-15,791,15,16,164,102,2,6,1,21,0,12,0,0,5
2024-02-16,535,6,5,130,168,3,4,0,130,0,7,0,4,5
2024-02-17,438,15,10,305,99,2,20,1,100,2,7,0,4,1
2024-02-18,392,12,11,83,47,6,15,2,43,0,9,0,4,4
2024-02-19,487,1,17,183,215,3,11,0,78,0,8,0,6,3
2024-02-20,427,22,15,144,174,10,11,2,82,2,6,0,3,0
2024-02-21,558,8,13,190,79,3,19,0,97,1,9,0,4,13
2024-02-22,727,17,5,105,66,0,12,2,43,0,0,0,0,7
2024-02-23,492,25,10,114,124,3,21,1,14,0,8,0,6,6
2024-02-24,236,14,8,209,21,1,13,2,56,1,7,0,4,0
2024-02-25,111,19,1,130,195,4,8,2,17,2,3,0,2,21
2024-02-26,401,21,5,107,225,1,15,4,34,1,8,0,3,1
2024-02-27,518,14,4,192,234,2,11,0,50,0,5,0,6,1
2024-02-28,681,1,14,58,138,0,11,1,61,1,8,0,6,6
2024-02-29,355,9,7,76,165,8,11,1,53,1,4,0,0,4
2024-03-01,0,19,10,112,117,3,7,0,84,0,12,0,0,15
2024-03-02,425,1,5,16,140,5,2,1,75,2,1,0,0,0
2024-03-03,39,2,5,87,157,0,14,1,14,3,7,0,4,7
2024-03-04,7,16,9,89,106,3,2,2,104,0,6,0,1,9
2024-03-05,173,11,11,142,282,5,7,1,62,1,6,0,0,3
2024-03-06,599,5,5,183,214,0,4,1,25,2,6,0,4,7
2024-03-07,444,29,6,77,117,5,16,0,63,3,15,0,4,0
2024-03-08,523,10,11,173,247,3,5,2,78,1,5,0,3,12
2024-03-09,276,15,9,246,221,7,19,0,154,0,0,0,4,3
2024-03-10,143,15,2,183,176,6,12,0,22,0,3,0,2,0
2024-03-11,500,1,0,119,38,8,7,3,63,1,4,0,3,6
2024-03-12,462,19,2,132,138,3,1,0,41,0,5,0,7,2
2024-03-13,417,10,7,59,196,0,7,1,17,0,12,0,6,9
2024-03-14,394,6,10,70,220,4,6,0,67,4,12,0,0,0
2024-03-15,267,6,17,240,142,0,11,2,107,0,0,0,6,11
2024-03-16,357,2,18,110,74,6,8,0,95,0,7,0,3,0
2024-03-17,290,1,9,83,233,0,6,1,48,0,9,0,5,12
2024-03-18,289,9,9,65,43,6,0,2,66,0,11,0,3,4
2024-03-19,620,11,6,28,124,0,22,0,40,0,8,0,0,9
2024-03-20,510,21,9,196,15,3,17,0,54,0,7,0,2,1
2024-03-21,445,10,10,35,73,6,16,2,29,0,11,0,0,1
2024-03-22,676,1,6,37,56,0,4,1,56,0,3,0,2,11
2024-03-23,822,14,8,108,83,4,10,1,130,4,1,0,1,6
2024-03-24,12,16,6,135,141,2,13,2,145,0,6,0,3,0
2024-03-25,373,14,10,82,212,5,11,1,70,2,14,0,0,3
2024-03-26,97,11,5,151,57,0,19,0,62,0,0,0,5,0
2024-03-27,594,5,2,215,167,5,1,2,113,0,12,0,1,2
2024-03-28,619,14,14,16,117,0,8,2,82,1,1,0,0,0
2024-03-29,571,16,0,115,109,5,12,0,56,0,8,0,0,1
2024-03-30,250,9,11,91,195,7,6,0,128,1,0,0,3,5
2024-03-31,747,7,8,36,148,4,10,1,76,2,5,0,5,0
2024-04-01,298,18,9,222,93,1,12,0,117,0,6,0,3,17
2024-04-02,564,15,11,74,112,4,14,1,85,0,2,0,0,15
2024-04-03,284,10,4,92,124,4,10,2,14,0,10,0,3,3
2024-04-04,513,3,0,150,145,7,11,0,127,1,9,0,0,0
2024-04-05,455,12,7,77,192,10,4,0,52,0,7,0,3,5
2024-04-06,363,15,9,76,15,4,11,3,19,0,10,0,0,5
2024-04-07,323,3,16,141,242,3,6,1,61,0,9,0,0,0
2024-04-08,697,10,4,120,69,1,11,3,68,0,12,0,6,3
2024-04-09,300,9,11,217,216,6,16,0,54,1,9,0,4,3
2024-04-10,696,22,4,134,115,4,11,0,14,1,5,0,1,8
2024-04-11,395,10,3,116,110,5,11,0,59,1,1,0,6,3
2024-04-12,457,9,6,229,198,6,24,2,56,0,4,0,0,1
2024-04-13,581,18,10,148,209,4,21,0,94,0,4,0,0,6
2024-04-14,293,5,12,103,174,3,7,2,59,1,7,0,4,12
2024-04-15,386,11,6,115,201,1,13,1,84,0,14,0,5,6
2024-04-16,368,9,5,147,224,5,9,0,14,1,9,0,0,7
2024-04-17,387,1,9,120,124,0,9,3,48,1,4,0,5,0
2024-04-18,518,25,11,140,236,3,8,2,126,0,15,0,0,0
2024-04-19,407,19,17,16,44,3,8,0,84,2,7,0,1,1
2024-04-20,0,19,10,291,140,7,14,6,27,0,10,0,1,5
2024-04-21,310,21,4,146,104,8,10,0,94,0,9,0,0,0
2024-04-22,704,15,6,140,131,4,8,0,107,2,6,0,2,10
2024-04-23,417,13,9,225,49,9,18,1,56,1,10,0,0,5
2024-04-24,124,12,13,86,282,4,1,3,135,1,2,0,6,6
2024-04-25,283,8,9,128,100,7,13,3,125,1,10,0,2,7
2024-04-26,478,10,11,91,229,5,14,3,75,2,10,0,0,0
2024-04-27,479,10,1,145,137,0,17,0,96,2,16,0,7,4
2024-04-28,458,20,3,105,37,7,14,0,46,1,2,0,2,0
2024-04-29,493,5,6,85,208,3,18,4,101,0,11,0,6,6
2024-04-30,216,12,6,16,195,1,0,4,122,0,8,0,3,0
2024-05-01,415,8,11,151,15,6,11,0,32,0,12,0,3,2
2024-05-02,349,6,9,177,314,9,11,1,27,0,4,0,0,7
2024-05-03,373,24,6,66,101,7,6,0,93,1,12,0,1,1
2024-05-04,470,1,5,134,80,10,8,0,40,0,5,0,3,14
2024-05-05,615,5,6,32,206,4,10,2,52,0,12,0,7,5
2024-05-06,530,15,3,93,154,7,4,1,48,0,12,0,3,13
2024-05-07,506,4,0,194,190,4,8,3,60,0,1,0,0,6
2024-05-08,589,20,5,65,131,0,15,0,34,1,8,0,0,11
2024-05-09,578,8,5,79,105,0,12,2,37,2,10,0,3,1
2024-05-10,678,1,4,214,90,10,8,3,145,3,13,0,0,6
2024-05-11,248,7,15,201,108,5,8,1,71,3,0,0,2,8
2024-05-12,384,26,10,257,163,5,5,2,154,3,9,0,4,7
2024-05-13,403,9,10,144,156,0,10,0,118,1,10,0,4,0
2024-05-14,521,6,8,26,15,4,3,2,37,1,10,0,4,4
2024-05-15,402,13,2,88,119,2,0,2,77,0,12,0,3,21
2024-05-16,298,16,4,37,51,2,9,4,88,2,12,0,2,3
2024-05-17,331,21,10,88,211,6,15,1,115,1,6,0,5,5
2024-05-18,410,8,6,82,99,6,11,4,18,0,8,0,4,0
2024-05-19,420,7,5,293,78,8,2,1,61,2,14,0,4,7
2024-05-20,273,22,7,148,199,0,9,0,97,3,14,0,6,5
2024-05-21,440,8,9,16,168,4,7,0,117,0,9,0,3,6
2024-05-22,473,12,2,146,77,1,9,0,76,1,5,0,10,8
2024-05-23,503,9,6,39,146,4,10,3,54,2,5,0,1,13
2024-05-24,893,11,11,124,218,9,15,0,40,1,10,0,4,12
2024-05-25,259,15,14,86,87,1,5,0,37,0,11,0,0,1
2024-05-26,279,13,6,165,103,4,10,1,68,0,6,0,2,1
2024-05-27,77,9,8,180,250,9,11,0,30,0,7,0,6,5
2024-05-28,440,11,4,149,143,0,8,2,79,0,16,0,3,9
2024-05-29,245,16,5,16,78,0,18,2,73,0,13,0,0,5
2024-05-30,652,12,9,102,277,1,12,0,54,0,7,0,4,0
2024-05-31,321,8,11,105,69,4,5,1,66,0,9,0,4,2
2024-06-01,413,4,3,43,126,3,18,4,98,0,2,0,0,4
2024-06-02,241,28,12,154,178,4,7,2,47,1,8,0,1,14
2024-06-03,241,17,6,122,142,4,16,0,63,0,4,0,6,17
2024-06-04,529,11,9,81,152,1,16,1,58,3,8,0,3,12
2024-06-05,186,12,0,170,129,4,16,0,76,0,12,0,3,2
2024-06-06,483,18,11,68,246,1,5,0,100,1,4,0,0,5
2024-06-07,375,1,6,33,215,4,3,5,74,1,12,0,0,0
2024-06-08,214,10,1,113,139,3,7,2,77,2,16,0,3,4
2024-06-09,247,15,8,145,19,6,13,1,100,0,11,0,1,7
2024-06-10,315,18,16,166,67,7,16,3,32,1,3,0,0,0
2024-06-11,475,10,5,270,156,2,14,0,36,0,10,0,2,5
2024-06-12,246,7,1,159,113,5,6,3,93,0,9,0,5,9
2024-06-13,159,4,11,217,251,4,7,1,73,0,11,0,2,2
2024-06-14,483,19,2,95,129,3,7,3,73,0,8,0,2,0
2024-06-15,183,14,13,118,24,2,22,0,78,0,7,0,4,0
2024-06-16,384,4,11,85,166,7,12,0,71,0,11,0,0,7
2024-06-17,545,1,7,243,146,0,12,0,106,0,4,0,7,0
2024-06-18,283,17,6,130,15,1,8,0,100,0,8,0,1,8
2024-06-19,498,20,14,81,177,6,15,0,46,1,8,0,4,3
2024-06-20,555,13,14,206,100,3,12,2,93,1,0,0,0,0
2024-06-21,452,11,9,154,50,3,11,1,62,1,17,0,0,6
2024-06-22,508,12,10,154,260,7,6,3,102,0,14,0,0,0
2024-06-23,145,9,8,123,79,7,8,1,122,1,2,0,5,4
2024-06-24,595,16,3,131,105,7,16,0,16,1,0,0,0,5
2024-06-25,311,5,9,195,145,7,14,2,101,2,3,0,4,14
2024-06-26,198,10,15,107,235,4,6,4,43,0,11,0,9,5
2024-06-27,0,3,6,130,180,6,9,2,67,2,16,0,3,10
2024-06-28,320,15,12,16,262,4,8,0,107,0,13,0,5,4
2024-06-29,534,15,10,145,69,5,7,4,53,1,1,0,5,2
2024-06-30,594,16,1,165,168,6,18,1,27,0,12,0,2,0
2024-07-01,459,7,13,180,222,5,14,3,46,1,0,0,2,2
2024-07-02,96,22,7,184,220,0,14,0,27,0,5,0,0,9
2024-07-03,368,7,3,109,191,1,8,0,88,0,4,0,0,0
2024-07-04,120,9,6,65,122,0,13,3,34,0,6,0,4,0
2024-07-05,315,13,8,77,54,1,22,0,37,1,11,0,2,5
2024-07-06,477,4,14,127,93,0,16,1,68,2,2,0,2,0
2024-07-07,387,10,6,105,129,1,11,1,72,1,17,0,2,10
2024-07-08,320,23,8,212,66,5,0,0,136,1,2,0,1,0
2024-07-09,421,13,8,291,184,0,19,0,41,1,15,0,0,0
2024-07-10,358,36,8,80,137,0,17,2,79,2,8,0,0,4
2024-07-11,476,14,9,109,101,0,3,0,46,0,9,0,2,12
2024-07-12,807,13,7,314,109,0,9,2,71,1,6,0,1,4
2024-07-13,558,21,3,104,145,1,7,3,74,0,15,0,0,11
2024-07-14,72,1,3,222,143,1,7,0,88,0,6,0,2,1
2024-07-15,273,22,9,58,187,6,10,1,75,1,0,0,4,10
2024-07-16,289,17,7,118,286,3,0,0,96,2,11,0,5,4
2024-07-17,554,9,10,65,265,7,0,0,68,1,11,0,0,2
2024-07-18,447,12,16,214,147,0,0,0,39,1,8,0,5,8
2024-07-19,252,5,7,147,220,7,22,0,64,0,4,0,3,3
2024-07-20,384,5,19,211,116,4,2,2,56,0,8,0,1,3
2024-07-21,121,31,4,50,103,5,13,0,95,0,9,0,6,0
2024-07-22,397,16,1,195,177,5,13,4,79,1,9,0,1,1
2024-07-23,389,7,10,142,104,8,4,0,96,0,6,0,12,4
2024-07-24,458,16,7,73,128,0,7,0,79,2,7,0,0,0
2024-07-25,557,17,15,281,152,9,7,0,86,0,10,0,4,11
2024-07-26,406,7,15,139,155,5,12,0,116,0,15,0,7,2
2024-07-27,743,15,10,290,100,5,13,4,68,0,0,0,4,0
2024-07-28,434,15,5,110,217,3,11,2,40,1,4,0,3,0
2024-07-29,368,22,16,120,205,0,10,2,48,2,16,0,0,0
2024-07-30,43,14,5,71,128,7,15,2,74,0,6,0,5,4
2024-07-31,355,12,10,270,87,2,12,0,122,0,15,0,6,6
2024-08-01,447,11,3,156,106,3,10,1,118,4,0,0,0,0
2024-08-02,0,6,5,16,271,0,14,3,84,0,2,0,8,10
2024-08-03,470,22,3,161,144,0,5,2,14,2,9,0,1,14
2024-08-04,176,22,8,158,124,1,12,0,24,0,15,0,0,0
2024-08-05,442,17,12,129,168,3,11,1,42,1,8,0,8,3
2024-08-06,378,25,6,146,236,2,8,0,119,0,7,0,0,12
2024-08-07,381,22,3,76,244,7,5,0,47,1,5,0,4,0
2024-08-08,776,20,0,177,265,8,12,2,123,0,11,0,5,0
2024-08-09,178,12,12,115,122,3,4,2,57,0,13,0,2,16
2024-08-10,111,18,10,222,177,0,10,0,57,0,2,0,4,2
2024-08-11,411,9,3,169,250,8,6,2,73,0,15,0,5,0
2024-08-12,364,24,7,125,257,1,7,3,95,1,15,0,5,0
2024-08-13,441,1,12,298,35,6,12,3,64,0,2,0,1,11
2024-08-14,358,6,12,16,172,0,11,0,59,0,9,0,2,8
2024-08-15,624,13,2,185,66,4,2,1,100,2,6,0,0,1
2024-08-16,274,18,3,186,51,9,2,2,61,1,17,0,8,5
2024-08-17,596,23,3,102,54,3,8,1,24,1,12,0,6,11
2024-08-18,436,19,13,60,99,2,5,0,65,0,7,0,3,12
2024-08-19,805,13,3,231,130,1,5,0,93,1,11,0,0,3
2024-08-20,465,2,15,218,198,3,3,0,78,0,4,0,4,0
2024-08-21,135,10,4,199,114,2,17,2,90,1,6,0,0,8
2024-08-22,211,22,11,16,76,0,0,0,86,2,4,0,3,4
2024-08-23,398,16,12,111,142,7,17,2,114,1,14,0,3,3
2024-08-24,188,6,20,69,167,6,15,2,84,0,3,0,0,17
2024-08-25,341,1,4,251,163,5,8,1,103,0,12,0,0,8
2024-08-26,226,20,10,49,181,3,14,1,76,0,14,0,1,6
2024-08-27,545,23,14,177,77,4,0,2,95,0,2,0,5,0
2024-08-28,225,12,9,112,202,2,17,1,25,1,8,0,0,13
2024-08-29,192,15,13,111,85,0,10,0,14,0,13,0,8,0
2024-08-30,93,3,18,118,51,2,16,3,79,1,1,0,4,6
2024-08-31,394,9,19,180,212,7,14,1,37,1,9,0,4,7
2024-09-01,206,23,10,150,182,1,11,0,23,0,8,0,1,11
2024-09-02,605,20,8,168,264,0,8,0,103,0,6,0,0,0
2024-09-03,262,9,1,208,157,7,13,2,92,0,3,0,0,6
2024-09-04,252,1,11,59,95,7,17,1,100,0,0,0,6,6
2024-09-05,454,6,7,69,157,5,14,0,69,1,5,0,8,6
2024-09-06,545,9,10,88,129,3,2,1,55,0,1,0,0,5
2024-09-07,375,15,5,112,136,0,13,2,90,0,11,0,0,13
2024-09-08,561,4,6,224,75,0,17,2,129,1,12,0,8,3
2024-09-09,707,5,4,103,40,3,10,0,50,0,12,0,0,0
2024-09-10,61,18,6,259,32,7,11,2,122,0,10,0,1,6
2024-09-11,571,4,7,263,166,5,19,2,18,0,11,0,1,6
2024-09-12,379,11,1,153,166,0,9,4,38,2,11,0,0,1
2024-09-13,587,5,11,161,149,7,8,0,76,0,10,0,7,9
2024-09-14,278,7,8,46,61,5,0,2,78,3,7,0,0,10
2024-09-15,286,21,12,205,63,2,16,2,35,3,14,0,2,5
2024-09-16,629,10,12,116,130,8,11,1,70,0,4,0,1,1
2024-09-17,521,9,4,172,111,3,1,0,101,1,9,0,0,9
2024-09-18,331,9,0,178,19,8,16,2,120,2,8,0,5,4
2024-09-19,510,19,7,160,242,1,2,2,100,1,13,0,0,0
2024-09-20,396,16,4,68,64,2,3,2,90,2,12,0,3,2
2024-09-21,228,17,10,205,118,2,0,0,99,2,2,0,2,7
2024-09-22,380,9,8,158,221,0,12,1,76,0,10,0,5,0
2024-09-23,412,12,6,110,198,0,8,0,35,0,7,0,0,7
2024-09-24,739,9,13,151,246,1,13,0,42,0,10,0,0,0
2024-09-25,576,5,11,283,121,4,12,3,14,0,8,0,0,5
2024-09-26,368,17,6,221,69,5,15,0,80,0,3,0,4,2
2024-09-27,271,16,11,16,145,4,3,0,97,0,7,0,4,9
2024-09-28,0,9,8,224,132,4,16,1,18,0,5,0,3,4
2024-09-29,399,7,9,58,68,1,14,0,121,0,5,0,0,4
2024-09-30,306,22,2,168,200,6,10,4,44,1,11,0,1,6
2024-10-01,367,10,21,102,116,2,15,0,98,1,15,0,0,7
2024-10-02,396,18,7,182,29,0,12,0,14,0,6,0,2,3
2024-10-03,235,6,21,108,107,0,20,3,76,1,12,0,2,12
2024-10-04,347,8,7,111,98,8,4,1,100,0,10,0,8,9
2024-10-05,447,7,8,16,15,6,7,2,91,0,10,0,6,2
2024-10-06,685,6,9,247,136,7,17,1,143,1,14,0,0,1
2024-10-07,249,4,10,123,138,5,4,2,59,2,7,0,2,10
2024-10-08,364,1,3,108,165,6,7,1,21,1,8,0,0,6
2024-10-09,757,1,8,85,127,1,13,2,61,0,19,0,4,0
2024-10-10,429,21,9,98,84,8,12,1,121,1,16,0,7,0
2024-10-11,358,14,12,123,116,2,18,0,60,2,5,0,0,17
2024-10-12,499,8,9,191,136,6,0,1,72,0,1,0,4,0
2024-10-13,451,20,9,86,85,0,10,0,79,0,10,0,5,0
2024-10-14,400,1,4,205,142,4,5,1,83,0,2,0,4,3
2024-10-15,640,17,2,128,156,0,9,0,77,1,11,0,0,5
2024-10-16,520,8,12,146,66,6,12,1,14,5,0,0,0,0
2024-10-17,466,16,10,134,203,0,19,2,112,1,9,0,0,6
2024-10-18,327,11,5,45,15,4,20,4,123,1,2,0,3,9
2024-10-19,438,1,15,174,184,3,4,2,71,0,4,0,2,11
2024-10-20,424,11,10,113,15,0,13,1,77,0,3,0,0,8
2024-10-21,407,17,22,209,149,6,16,2,27,0,9,0,3,0
2024-10-22,82,10,8,133,81,0,6,3,87,1,2,0,0,0
2024-10-23,497,18,2,134,267,5,15,2,84,1,16,0,7,3
2024-10-24,375,4,14,201,182,11,10,2,100,0,11,0,0,12
2024-10-25,87,16,4,120,122,6,15,4,42,2,12,0,5,0
2024-10-26,314,10,13,187,95,8,13,1,37,1,9,0,6,0
2024-10-27,415,12,1,156,84,2,8,0,51,0,5,0,0,0
2024-10-28,118,12,6,81,146,4,8,0,110,2,11,0,0,6
2024-10-29,746,1,12,120,58,7,16,0,34,2,3,0,2,3
2024-10-30,76,13,21,17,82,3,5,0,67,0,6,0,0,0
2024-10-31,725,1,12,43,76,4,10,0,66,2,7,0,6,5
2024-11-01,597,21,7,83,15,2,7,1,154,0,12,0,4,4
2024-11-02,541,21,9,40,102,2,21,0,98,1,6,0,3,6
2024-11-03,326,16,7,31,65,7,5,2,47,0,15,0,4,1
2024-11-04,190,12,7,88,145,8,9,0,14,1,11,0,0,6
2024-11-05,15,12,19,132,87,7,12,0,96,2,7,0,4,9
2024-11-06,825,8,0,52,70,1,15,3,30,1,13,0,2,7
2024-11-07,0,1,12,16,168,6,16,3,38,2,13,0,6,15
2024-11-08,322,8,0,254,15,5,8,5,77,0,14,0,1,0
2024-11-09,584,4,0,89,180,2,12,0,89,1,9,0,0,5
2024-11-10,270,17,6,119,150,5,19,0,136,2,5,0,2,3
2024-11-11,407,10,15,140,135,8,13,3,79,2,4,0,1,11
2024-11-12,359,13,9,184,149,6,5,0,14,0,11,0,0,1
2024-11-13,64,10,9,155,95,9,14,1,53,0,4,0,6,4
2024-11-14,665,8,13,176,203,3,3,0,111,0,10,0,1,0
2024-11-15,597,10,8,127,85,6,4,1,14,0,17,0,5,9
2024-11-16,301,19,21,187,198,0,18,0,69,2,0,0,1,8
2024-11-17,649,4,1,27,157,7,10,2,33,0,10,0,0,0
2024-11-18,624,11,6,112,182,0,23,1,61,1,7,0,10,9
2024-11-19,283,11,9,87,238,2,25,2,42,0,7,0,5,4
2024-11-20,500,21,11,146,48,2,5,0,75,0,9,0,6,4
2024-11-21,329,20,12,192,167,3,15,1,59,2,16,0,2,5
2024-11-22,465,10,12,155,112,5,9,0,44,0,9,0,4,4
2024-11-23,423,23,5,172,108,5,8,0,103,2,5,0,2,4
2024-11-24,793,9,3,132,36,4,11,0,39,0,9,0,7,13
2024-11-25,540,3,9,27,249,3,11,2,59,0,3,0,0,16
2024-11-26,248,11,7,75,41,5,12,0,103,0,9,0,2,2
2024-11-27,241,6,7,72,63,11,6,1,97,0,13,0,0,0
2024-11-28,340,19,5,216,172,0,6,0,109,2,11,0,5,2
2024-11-29,157,8,9,200,203,3,8,2,44,1,9,0,3,0
2024-11-30,592,16,8,41,109,1,5,2,45,2,9,0,1,0
2024-12-01,416,5,10,117,108,3,15,2,83,0,3,0,3,9
2024-12-02,146,10,13,107,15,2,16,0,68,0,8,0,0,0
2024-12-03,608,7,12,30,132,0,6,0,114,3,4,0,3,4
2024-12-04,508,14,7,64,167,0,6,1,35,0,11,0,2,8
2024-12-05,229,16,5,177,170,1,9,0,69,1,12,0,5,3
2024-12-06,662,23,7,145,154,0,11,0,94,0,2,0,5,0
2024-12-07,843,19,9,18,225,4,10,3,48,0,4,0,3,1
2024-12-08,316,26,6,63,259,5,8,2,89,2,1,0,1,8
2024-12-09,519,8,13,131,159,2,9,3,122,0,14,0,4,13
2024-12-10,688,14,2,284,129,1,12,0,122,0,7,0,1,11
2024-12-11,453,11,10,128,138,3,4,4,85,0,8,0,2,3
2024-12-12,443,12,7,20,147,11,15,0,82,2,6,0,0,2
2024-12-13,227,6,2,119,157,5,8,2,154,1,9,0,0,3
2024-12-14,757,1,5,154,117,4,15,0,87,0,2,0,3,0
2024-12-15,306,7,5,138,103,7,9,0,72,1,9,0,0,2
2024-12-16,237,7,10,187,234,3,15,2,88,1,0,0,5,13
2024-12-17,527,10,17,34,124,6,10,2,50,0,16,0,6,13
2024-12-18,440,27,4,150,207,0,11,3,50,1,0,0,3,6
2024-12-19,180,8,2,167,326,7,14,0,68,2,10,0,2,7
2024-12-20,343,18,13,200,174,4,9,0,14,0,8,0,5,13
2024-12-21,532,16,5,123,86,4,7,2,103,1,11,0,0,3
2024-12-22,525,7,4,174,67,3,17,0,58,0,3,0,6,5
2024-12-23,99,7,3,258,122,2,8,0,29,2,12,0,0,6
2024-12-24,407,9,5,154,186,8,9,1,106,0,12,0,0,7
2024-12-25,591,13,7,110,77,5,3,0,91,3,5,0,2,6
2024-12-26,558,11,0,175,147,1,22,0,83,0,12,0,4,12
2024-12-27,462,15,2,181,15,6,12,2,80,1,2,0,3,0
2024-12-28,337,12,8,33,221,0,18,2,44,1,11,0,2,7
2024-12-29,482,16,14,110,125,7,10,0,102,0,6,0,0,4
2024-12-30,442,18,0,128,101,12,6,2,43,0,12,0,0,0
2024-12-31,310,1,10,152,197,2,5,1,52,0,3,0,1,10
2025-01-01,634,1,11,115,136,3,14,3,113,0,0,0,1,7
2025-01-02,380,5,13,20,72,2,11,0,76,0,8,0,0,0
2025-01-03,321,1,2,66,61,0,14,0,53,1,11,0,1,16
2025-01-04,199,12,3,174,200,4,6,2,37,0,7,0,1,0
2025-01-05,248,2,6,98,253,4,11,3,55,0,5,0,7,5
2025-01-06,130,14,3,109,102,12,13,0,120,0,7,0,2,9
2025-01-07,440,19,4,143,170,2,15,0,100,1,1,0,0,15
2025-01-08,369,8,4,176,43,0,1,2,83,0,12,0,0,9
2025-01-09,331,9,9,178,135,4,12,3,91,0,6,0,4,0
2025-01-10,390,3,13,152,136,3,15,0,98,0,11,0,0,0
2025-01-11,290,7,2,16,15,6,6,3,16,0,9,0,4,0
2025-01-12,325,6,15,219,123,5,15,2,108,1,18,0,3,10
2025-01-13,62,28,18,188,245,2,16,1,59,2,12,0,0,9
2025-01-14,275,3,10,196,178,0,13,4,14,0,0,0,3,8
2025-01-15,287,11,1,160,208,0,11,0,75,0,8,0,0,1
2025-01-16,442,29,5,71,134,3,15,1,120,0,7,0,1,3
2025-01-17,166,5,4,21,85,3,9,1,45,2,20,0,2,0
2025-01-18,465,22,10,229,181,0,21,0,63,0,6,0,3,9
2025-01-19,377,21,3,70,132,9,17,0,83,1,11,0,0,13
2025-01-20,492,13,11,170,63,2,15,3,39,1,12,0,0,0
2025-01-21,383,18,4,222,168,6,14,0,31,1,5,0,0,0
2025-01-22,485,1,5,63,116,4,12,0,113,1,0,0,3,0
2025-01-23,225,15,7,209,129,4,10,0,93,1,4,0,0,8
2025-01-24,645,11,5,16,244,7,10,1,137,0,11,0,4,0
2025-01-25,640,15,3,345,77,6,6,1,67,2,3,0,1,2
2025-01-26,273,5,6,181,68,6,12,1,60,0,6,0,0,10
2025-01-27,331,11,13,176,50,4,12,0,46,0,5,0,5,10
2025-01-28,695,20,11,170,104,5,15,0,89,0,5,0,0,0
2025-01-29,582,24,6,206,27,6,9,2,31,0,10,0,2,0
2025-01-30,617,22,13,143,15,0,16,0,65,0,6,0,1,0
2025-01-31,587,19,1,50,208,7,6,3,91,3,16,0,0,6
2025-02-01,644,12,16,196,62,4,9,1,62,0,4,0,3,7
2025-02-02,561,20,17,162,272,6,12,1,20,3,13,0,9,11
2025-02-03,402,31,4,114,195,4,4,1,58,0,6,0,2,11
2025-02-04,245,18,6,45,243,7,8,1,22,0,6,0,8,12
2025-02-05,502,5,6,134,150,4,5,2,27,1,5,0,3,0
2025-02-06,453,16,11,180,253,3,12,1,78,0,9,0,1,0
2025-02-07,607,7,14,156,226,2,9,0,58,0,6,0,0,9
2025-02-08,292,10,8,64,252,0,10,0,47,2,7,0,10,9
2025-02-09,418,13,5,38,69,8,9,2,127,2,3,0,7,0
2025-02-10,324,14,14,16,74,8,7,3,116,0,4,0,0,0
2025-02-11,396,9,8,207,71,0,5,2,36,3,4,0,0,4
2025-02-12,393,6,0,64,134,4,8,2,84,0,8,0,3,6
2025-02-13,195,5,4,82,204,8,13,0,81,0,3,0,0,6
2025-02-14,393,14,11,175,137,6,2,0,98,0,4,0,1,5
2025-02-15,306,12,0,173,161,1,10,0,14,1,19,0,0,6
2025-02-16,474,10,4,173,122,5,4,0,85,0,8,0,3,11
2025-02-17,371,21,7,122,194,1,11,0,88,1,3,0,6,11
2025-02-18,301,21,6,206,116,7,14,3,124,1,10,0,3,1
2025-02-19,308,26,17,67,135,3,20,1,101,0,9,0,0,2
2025-02-20,545,19,14,82,165,5,7,2,125,0,11,0,4,0
2025-02-21,0,11,8,176,232,2,15,1,118,2,2,0,11,4
2025-02-22,607,9,4,185,102,10,14,2,76,1,2,0,4,9
2025-02-23,410,16,10,79,197,12,17,1,48,0,5,0,0,10
2025-02-24,581,13,4,43,93,6,11,1,72,1,0,0,0,3
2025-02-25,587,17,23,162,118,6,9,5,81,2,12,0,0,4
2025-02-26,869,18,0,134,47,5,18,0,91,1,10,0,0,10
2025-02-27,239,7,2,54,184,3,14,2,36,0,9,0,4,3
2025-02-28,435,14,4,182,68,2,24,1,110,1,5,0,1,0
2025-03-01,430,17,11,119,165,1,3,1,59,0,10,0,1,3
2025-03-02,439,6,6,106,174,5,12,1,103,1,9,0,0,3
2025-03-03,239,4,4,110,94,6,12,3,45,0,9,0,0,3
2025-03-04,602,14,9,16,114,2,2,0,81,1,11,0,3,9
2025-03-05,311,1,11,146,181,12,9,6,61,0,13,0,0,5
2025-03-06,339,8,4,254,184,2,4,0,66,0,8,0,7,6
2025-03-07,522,13,3,143,93,7,8,1,92,3,12,0,2,9
2025-03-08,122,11,0,167,72,5,12,0,69,0,7,0,7,7
2025-03-09,285,25,1,125,96,5,15,1,104,1,13,0,3,0
2025-03-10,163,12,14,16,159,6,5,0,111,2,5,0,0,5
2025-03-11,264,13,11,80,81,2,13,0,38,0,7,0,4,0
2025-03-12,510,7,11,167,22,6,11,0,118,0,14,0,3,1
2025-03-13,269,1,9,155,140,1,12,1,67,0,15,0,0,17
2025-03-14,329,16,10,111,231,1,7,2,87,0,3,0,0,10
2025-03-15,351,19,4,16,212,9,9,2,123,2,11,0,0,2
2025-03-16,118,21,12,122,57,3,17,0,81,1,21,0,3,0
2025-03-17,454,29,2,199,18,1,11,1,64,0,2,0,4,6
2025-03-18,410,18,15,259,149,6,16,2,71,0,8,0,0,7
2025-03-19,330,18,18,16,70,1,5,3,62,1,0,0,1,5
2025-03-20,457,14,7,16,75,7,0,4,51,2,8,0,0,6
2025-03-21,392,27,11,122,108,3,7,0,100,0,8,0,0,0
2025-03-22,441,12,12,88,181,9,6,0,27,1,6,0,5,6
2025-03-23,480,12,6,237,67,6,7,4,64,0,12,0,2,0
2025-03-24,569,9,6,178,161,4,10,2,114,2,12,0,0,8
2025-03-25,262,16,8,38,159,2,18,3,22,0,11,0,1,5
2025-03-26,157,15,7,140,172,7,12,1,108,0,10,0,2,5
2025-03-27,377,12,17,266,113,1,9,2,14,1,0,0,6,15
2025-03-28,112,21,17,207,179,6,3,0,59,0,5,0,3,5
2025-03-29,365,11,7,235,142,0,10,0,74,0,1,0,2,9
2025-03-30,297,16,13,104,114,5,13,0,41,0,5,0,3,4
2025-03-31,464,21,19,28,152,3,14,0,119,2,7,0,0,7
2025-04-01,800,24,10,70,213,5,15,1,28,0,1,0,3,1
2025-04-02,139,16,4,129,173,3,20,0,118,0,7,0,0,5
2025-04-03,314,13,14,273,131,4,8,3,142,0,6,0,0,0
2025-04-04,597,4,2,79,67,9,11,3,14,3,1,0,0,0
2025-04-05,758,1,1,91,68,1,13,2,43,0,7,0,5,15
2025-04-06,446,4,12,128,134,5,14,3,64,1,3,0,4,2
2025-04-07,293,15,2,93,139,4,17,3,68,1,7,0,0,10
2025-04-08,667,23,0,155,135,7,14,2,73,1,3,0,5,0
2025-04-09,554,7,14,117,90,1,10,0,82,0,7,0,7,0
2025-04-10,422,3,10,126,98,4,15,0,132,0,14,0,3,5
2025-04-11,282,8,9,84,45,1,10,2,51,1,9,0,4,7
2025-04-12,469,1,0,133,172,6,13,2,70,0,0,0,1,17
2025-04-13,313,10,16,166,159,5,11,2,34,0,8,0,2,2
2025-04-14,613,3,9,174,123,9,10,2,85,3,10,0,1,4
2025-04-15,711,6,8,65,145,8,8,1,60,2,3,0,4,8
2025-04-16,299,12,5,247,99,12,19,0,70,0,13,0,2,7
2025-04-17,412,6,8,32,99,6,11,2,101,0,6,0,0,13
2025-04-18,269,9,9,199,102,0,3,3,14,0,4,0,0,0
2025-04-19,343,18,2,50,69,7,10,2,124,1,11,0,0,2
2025-04-20,510,9,10,150,104,0,4,0,22,0,0,0,3,1
2025-04-21,42,14,7,151,288,4,13,1,66,0,2,0,0,0
2025-04-22,727,7,15,215,155,0,7,2,55,0,11,0,0,4
2025-04-23,349,13,1,101,213,1,13,0,38,0,13,0,0,0
2025-04-24,284,1,8,107,139,5,13,1,107,1,0,0,4,11
2025-04-25,866,5,10,191,102,4,13,2,64,1,8,0,4,10
2025-04-26,0,5,9,70,144,5,12,1,73,1,5,0,6,0
2025-04-27,450,4,7,149,258,2,7,0,86,0,12,0,2,9
2025-04-28,452,4,2,156,142,5,3,2,14,2,5,0,0,6
2025-04-29,119,8,7,182,174,2,4,0,39,0,4,0,4,0
2025-04-30,535,20,3,31,74,6,14,0,64,2,9,0,4,9
2025-05-01,438,17,7,125,149,0,12,0,89,2,11,0,0,0
2025-05-02,449,19,12,178,152,1,7,0,90,1,5,0,2,0
2025-05-03,503,21,12,165,15,0,10,3,87,0,11,0,0,0
2025-05-04,513,11,12,66,184,7,9,0,21,0,9,0,0,4
2025-05-05,308,11,7,336,203,2,7,0,93,0,0,0,0,7
2025-05-06,297,15,5,16,172,9,6,2,58,1,6,0,6,16
2025-05-07,367,11,9,174,82,6,4,1,90,0,2,0,0,10
2025-05-08,389,1,8,24,101,3,13,3,84,0,14,0,0,0
2025-05-09,127,5,5,129,72,4,10,2,98,0,11,0,0,8
2025-05-10,472,1,10,147,75,0,11,0,42,0,2,0,1,0
2025-05-11,439,6,16,146,176,6,10,0,102,1,2,0,4,7
2025-05-12,561,14,14,98,87,7,4,1,57,0,13,0,1,3
2025-05-13,415,3,10,231,151,6,6,2,25,2,12,0,11,2
2025-05-14,524,13,3,66,21,3,3,3,86,0,5,0,0,2
2025-05-15,433,1,1,63,52,7,12,2,72,2,12,0,2,0
2025-05-16,472,19,1,200,151,5,12,0,47,0,12,0,0,3
2025-05-17,414,3,9,147,125,9,7,2,39,2,5,0,1,1
2025-05-18,625,7,11,146,94,1,9,0,111,0,6,0,0,0
2025-05-19,496,13,15,71,203,5,7,1,116,2,16,0,7,10
2025-05-20,413,19,8,163,127,7,10,0,38,0,1,0,0,3
2025-05-21,600,13,8,108,118,2,10,1,106,2,2,0,5,9
2025-05-22,408,8,8,173,78,4,14,1,86,0,0,0,4,8
2025-05-23,526,4,4,289,241,0,8,2,97,1,15,0,0,0
2025-05-24,266,4,6,115,162,7,8,4,84,0,2,0,1,9
2025-05-25,489,17,10,198,216,8,5,0,100,0,7,0,9,11
2025-05-26,409,10,0,107,162,9,14,1,83,2,9,0,6,4
2025-05-27,563,26,11,119,181,2,10,0,45,1,9,0,1,0
2025-05-28,187,15,0,148,233,2,8,1,120,1,4,0,0,6
2025-05-29,201,22,13,16,159,3,6,0,119,0,5,0,4,9
2025-05-30,189,16,5,194,149,0,19,0,92,0,10,0,6,12
2025-05-31,469,9,9,297,220,3,14,0,150,0,16,0,6,2
2025-06-01,623,13,0,112,171,2,1,0,59,0,2,0,3,7
2025-06-02,307,21,9,31,75,8,14,2,116,0,9,0,1,5
2025-06-03,445,27,3,54,114,0,15,1,30,0,9,0,8,13
2025-06-04,206,8,1,170,123,5,0,0,105,0,8,0,5,3
2025-06-05,717,16,2,32,120,1,7,1,60,1,0,0,7,3
2025-06-06,559,14,3,176,81,0,13,2,112,1,8,0,0,9
2025-06-07,0,19,9,85,87,6,16,1,60,0,7,0,5,10
2025-06-08,499,18,0,65,103,7,18,0,25,1,7,0,3,0
2025-06-09,509,13,1,125,163,3,12,1,92,3,11,0,0,0
2025-06-10,565,7,5,52,158,13,6,1,99,1,0,0,4,3
2025-06-11,166,14,12,135,133,13,13,2,70,0,9,0,4,1
2025-06-12,266,1,1,158,180,3,3,0,29,2,14,0,11,0
2025-06-13,561,23,5,228,185,4,11,2,38,1,7,0,0,9
2025-06-14,551,2,8,16,146,4,20,3,59,3,8,0,1,6
2025-06-15,447,7,12,140,166,11,14,2,81,1,1,0,4,10
2025-06-16,510,8,1,82,206,0,2,4,86,1,4,0,0,8
2025-06-17,499,21,11,170,102,9,15,0,86,1,16,0,6,2
2025-06-18,492,19,3,16,202,3,6,5,90,1,8,0,5,5
2025-06-19,426,7,7,239,106,1,23,2,37,1,13,0,5,2
2025-06-20,515,1,6,26,38,5,7,0,119,2,11,0,1,2
2025-06-21,484,15,2,98,171,3,15,2,119,0,7,0,1,0
2025-06-22,666,7,7,174,61,6,16,1,90,0,15,0,0,6
2025-06-23,66,21,5,41,137,6,4,1,53,0,9,0,0,6
2025-06-24,86,23,5,84,113,0,8,1,89,0,6,0,2,0
2025-06-25,317,12,3,139,125,1,1,0,92,0,6,0,2,6
2025-06-26,394,12,3,348,167,3,4,0,14,0,5,0,0,0
2025-06-27,450,6,16,64,175,2,3,0,140,0,7,0,4,2
2025-06-28,642,14,12,89,248,1,12,0,85,1,7,0,10,6
2025-06-29,447,27,5,199,108,1,4,0,67,2,10,0,2,3
2025-06-30,381,1,6,120,101,7,24,0,36,2,7,0,0,1
